-- MySQL dump 10.16  Distrib 10.1.14-MariaDB, for osx10.11 (x86_64)
--
-- Host: localhost    Database: HelloHome_Dev
-- ------------------------------------------------------
-- Server version	10.1.14-MariaDB

/*!40101 SET @OLD_CHARACTER_SET_CLIENT=@@CHARACTER_SET_CLIENT */;
/*!40101 SET @OLD_CHARACTER_SET_RESULTS=@@CHARACTER_SET_RESULTS */;
/*!40101 SET @OLD_COLLATION_CONNECTION=@@COLLATION_CONNECTION */;
/*!40101 SET NAMES utf8 */;
/*!40103 SET @OLD_TIME_ZONE=@@TIME_ZONE */;
/*!40103 SET TIME_ZONE='+00:00' */;
/*!40014 SET @OLD_UNIQUE_CHECKS=@@UNIQUE_CHECKS, UNIQUE_CHECKS=0 */;
/*!40014 SET @OLD_FOREIGN_KEY_CHECKS=@@FOREIGN_KEY_CHECKS, FOREIGN_KEY_CHECKS=0 */;
/*!40101 SET @OLD_SQL_MODE=@@SQL_MODE, SQL_MODE='NO_AUTO_VALUE_ON_ZERO' */;
/*!40111 SET @OLD_SQL_NOTES=@@SQL_NOTES, SQL_NOTES=0 */;

--
-- Table structure for table `EnvironmentData`
--

DROP TABLE IF EXISTS `EnvironmentData`;
/*!40101 SET @saved_cs_client     = @@character_set_client */;
/*!40101 SET character_set_client = utf8 */;
CREATE TABLE `EnvironmentData` (
  `id` int(11) NOT NULL AUTO_INCREMENT,
  `nodeId` int(11) NOT NULL,
  `timestamp` datetime NOT NULL,
  `temperature` float DEFAULT NULL,
  `humidity` float DEFAULT NULL,
  `pressure` int(11) DEFAULT NULL,
  PRIMARY KEY (`id`),
  KEY `FK_EnvironmentData_Node` (`nodeId`),
  CONSTRAINT `FK_EnvironmentData_Node` FOREIGN KEY (`nodeId`) REFERENCES `Node` (`nodeId`)
) ENGINE=InnoDB AUTO_INCREMENT=159453 DEFAULT CHARSET=latin1 COLLATE=latin1_general_ci;
/*!40101 SET character_set_client = @saved_cs_client */;

--
-- Dumping data for table `EnvironmentData`
--

LOCK TABLES `EnvironmentData` WRITE;
/*!40000 ALTER TABLE `EnvironmentData` DISABLE KEYS */;
INSERT INTO `EnvironmentData` VALUES (514,-681294812,'2015-10-18 21:38:21',24.66,43,NULL),(515,-681294812,'2015-10-18 21:39:32',24.66,45,NULL),(516,-681294812,'2015-10-18 21:41:43',24.75,43,NULL),(517,-681294812,'2015-10-18 21:42:56',24.71,46,NULL),(518,-681294812,'2015-10-18 21:46:48',24.74,44,NULL),(519,-681294812,'2015-10-18 21:47:42',24.76,43,NULL),(520,-681294812,'2015-10-18 21:48:49',24.77,44,NULL),(521,-681294812,'2015-10-18 21:50:01',24.82,43,NULL),(522,-681294812,'2015-10-18 21:52:24',24.87,43,NULL),(523,-681294812,'2015-10-18 21:53:37',24.83,43,NULL),(524,-681294812,'2015-10-18 21:54:49',24.81,42,NULL),(525,-681294812,'2015-10-18 21:56:02',24.77,43,NULL),(526,-681294812,'2015-10-18 21:57:15',24.76,43,NULL),(527,-681294812,'2015-10-18 21:58:27',24.92,45,NULL),(528,-681294812,'2015-10-18 21:59:40',24.94,43,NULL),(529,-681294812,'2015-10-18 22:00:53',24.99,43,NULL),(530,-681294812,'2015-10-18 22:02:05',25.01,42,NULL),(531,-681294812,'2015-10-18 22:03:18',24.93,44,NULL),(532,-681294812,'2015-10-18 22:04:31',24.93,44,NULL),(533,-681294812,'2015-10-18 22:05:44',24.93,44,NULL),(534,-681294812,'2015-10-18 22:06:56',24.93,43,NULL),(535,-681294812,'2015-10-18 22:09:30',24.95,42,NULL),(536,-681294812,'2015-10-18 22:10:03',24.98,42,NULL),(537,-681294812,'2015-10-18 22:10:38',25,42,NULL),(538,-681294812,'2015-10-18 22:10:48',25.01,42,NULL),(539,-681294812,'2015-10-18 22:12:00',24.99,43,NULL),(540,-681294812,'2015-10-18 22:13:13',25.01,43,NULL),(541,-681294812,'2015-10-18 22:14:26',24.97,43,NULL),(542,-681294812,'2015-10-18 22:15:38',25.08,42,NULL),(543,-681294812,'2015-10-18 22:16:51',25.15,42,NULL),(544,-681294812,'2015-10-18 22:18:04',24.99,42,NULL),(545,-681294812,'2015-10-18 22:19:16',24.91,42,NULL),(546,-681294812,'2015-10-18 22:20:29',24.82,42,NULL),(547,-681294812,'2015-10-18 22:21:42',24.75,42,NULL),(548,-681294812,'2015-10-18 22:22:55',24.74,42,NULL),(549,-681294812,'2015-10-18 22:24:07',24.69,42,NULL),(550,-681294812,'2015-10-18 22:25:20',24.66,42,NULL),(551,-681294812,'2015-10-18 22:26:33',24.63,43,NULL),(552,-681294812,'2015-10-18 22:27:45',24.61,43,NULL),(553,-681294812,'2015-10-18 22:28:58',24.58,43,NULL),(554,-681294812,'2015-10-18 22:30:11',24.63,43,NULL),(555,-681294812,'2015-10-18 22:30:11',24.63,43,NULL),(556,-681294812,'2015-10-18 22:30:11',24.63,43,NULL),(557,-681294812,'2015-10-18 22:30:11',24.63,43,NULL),(558,-681294812,'2015-10-18 22:31:23',24.69,44,NULL),(559,-681294812,'2015-10-18 22:32:36',24.74,44,NULL),(560,-681294812,'2015-10-18 22:32:36',24.74,44,NULL),(561,-681294812,'2015-10-18 22:32:37',24.74,44,NULL),(562,-681294812,'2015-10-18 22:32:37',24.74,44,NULL),(563,-681294812,'2015-10-18 22:33:49',24.77,44,NULL),(564,-681294812,'2015-10-18 22:35:02',24.81,44,NULL),(565,-681294812,'2015-10-18 22:36:14',24.91,44,NULL),(566,-681294812,'2015-10-18 22:36:15',24.91,44,NULL),(567,-681294812,'2015-10-18 22:36:15',24.91,44,NULL),(568,-681294812,'2015-10-18 22:36:15',24.91,44,NULL),(569,-681294812,'2015-10-18 22:37:27',24.98,42,NULL),(570,-681294812,'2015-10-18 22:38:40',24.95,43,NULL),(571,-681294812,'2015-10-18 22:39:53',24.91,42,NULL),(572,-681294812,'2015-10-18 22:41:05',24.8,42,NULL),(573,-681294812,'2015-10-18 22:42:18',24.76,42,NULL),(574,-681294812,'2015-10-18 22:43:31',24.74,43,NULL),(575,-681294812,'2015-10-18 22:44:43',24.66,43,NULL),(576,-681294812,'2015-10-18 22:45:56',24.67,42,NULL),(577,-681294812,'2015-10-18 22:47:09',24.76,43,NULL),(578,-681294812,'2015-10-18 22:48:21',24.68,42,NULL),(579,-681294812,'2015-10-18 22:49:34',24.66,42,NULL),(580,-681294812,'2015-10-18 22:50:47',24.67,42,NULL),(581,-681294812,'2015-10-18 22:51:59',24.69,42,NULL),(582,-681294812,'2015-10-18 22:53:12',24.51,43,NULL),(583,-681294812,'2015-10-18 22:53:12',24.51,43,NULL),(584,-681294812,'2015-10-18 22:53:13',24.51,43,NULL),(585,-681294812,'2015-10-18 22:53:13',24.51,43,NULL),(586,-681294812,'2015-10-18 22:54:25',24.31,43,NULL),(587,-681294812,'2015-10-18 22:54:25',24.31,43,NULL),(588,-681294812,'2015-10-18 22:54:25',24.31,43,NULL),(589,-681294812,'2015-10-18 22:54:25',24.31,43,NULL),(590,-681294812,'2015-10-18 22:55:38',24.12,43,NULL),(591,-681294812,'2015-10-18 22:55:38',24.12,43,NULL),(592,-681294812,'2015-10-18 22:56:51',23.93,44,NULL),(593,-681294812,'2015-10-18 22:58:03',23.84,44,NULL),(594,-681294812,'2015-10-18 22:59:16',23.77,44,NULL),(595,-681294812,'2015-10-18 23:00:29',23.64,44,NULL),(596,-681294812,'2015-10-18 23:01:41',23.58,45,NULL),(597,-681294812,'2015-10-18 23:02:54',23.49,45,NULL),(598,-681294812,'2015-10-18 23:04:07',23.44,45,NULL),(599,-681294812,'2015-10-18 23:05:19',23.36,45,NULL),(600,-681294812,'2015-10-18 23:06:32',23.3,45,NULL),(601,-681294812,'2015-10-18 23:07:45',23.27,45,NULL),(602,-681294812,'2015-10-18 23:08:57',23.22,45,NULL),(603,-681294812,'2015-10-18 23:10:10',23.19,46,NULL),(604,-681294812,'2015-10-18 23:11:22',23.13,46,NULL),(605,-681294812,'2015-10-18 23:12:35',23.1,46,NULL),(606,-681294812,'2015-10-18 23:13:48',23.05,46,NULL),(607,-681294812,'2015-10-18 23:15:00',23.03,46,NULL),(608,-681294812,'2015-10-18 23:16:13',23,46,NULL),(609,-681294812,'2015-10-18 23:17:26',22.98,46,NULL),(610,-681294812,'2015-10-18 23:18:38',22.97,46,NULL),(611,-681294812,'2015-10-18 23:19:51',22.92,46,NULL),(612,-681294812,'2015-10-18 23:21:04',22.9,46,NULL),(613,-681294812,'2015-10-18 23:22:16',22.87,46,NULL),(614,-681294812,'2015-10-18 23:23:29',22.86,46,NULL);
/*!40000 ALTER TABLE `EnvironmentData` ENABLE KEYS */;
UNLOCK TABLES;

--
-- Table structure for table `Node`
--

DROP TABLE IF EXISTS `Node`;
/*!40101 SET @saved_cs_client     = @@character_set_client */;
/*!40101 SET character_set_client = utf8 */;
CREATE TABLE `Node` (
  `nodeId` int(11) NOT NULL,
  `RfAddress` smallint(11) NOT NULL,
  `emonCmsNodeId` tinyint(4) DEFAULT NULL,
  `validConfig` tinyint(1) NOT NULL DEFAULT '0',
  `name` varchar(50) COLLATE latin1_general_ci DEFAULT '0',
  `lastStartupTime` datetime DEFAULT NULL,
  `upTime` float NOT NULL DEFAULT '0',
  `maxUpTime` float NOT NULL DEFAULT '0',
  `lastMsgRxTime` datetime DEFAULT NULL,
  `lastRssi` tinyint(4) NOT NULL DEFAULT '0',
  `version` varchar(10) COLLATE latin1_general_ci DEFAULT NULL,
  `currentTemperature` float DEFAULT NULL,
  `currentHumidity` float DEFAULT NULL,
  `currentPressure` int(11) DEFAULT NULL,
  `currentVIn` float DEFAULT NULL,
  `currentSendErrorCount` int(11) NOT NULL DEFAULT '0',
  `confHal1` tinyint(4) NOT NULL DEFAULT '0',
  `confHal2` tinyint(4) NOT NULL DEFAULT '0',
  `confDry` tinyint(4) NOT NULL DEFAULT '0',
  `confVinTrigger` tinyint(4) NOT NULL DEFAULT '0',
  `confVinMeasure` tinyint(4) NOT NULL DEFAULT '0',
  `confSiEnable` tinyint(1) NOT NULL DEFAULT '0',
  `confBmpEnable` tinyint(1) NOT NULL DEFAULT '0',
  PRIMARY KEY (`nodeId`),
  UNIQUE KEY `UX_NodeId` (`RfAddress`)
) ENGINE=InnoDB DEFAULT CHARSET=latin1 COLLATE=latin1_general_ci;
/*!40101 SET character_set_client = @saved_cs_client */;

--
-- Dumping data for table `Node`
--

LOCK TABLES `Node` WRITE;
/*!40000 ALTER TABLE `Node` DISABLE KEYS */;
INSERT INTO `Node` VALUES (-681362360,251,NULL,0,NULL,'2015-10-24 09:23:20',0,0,NULL,0,'0.1',NULL,NULL,NULL,NULL,0,0,0,0,0,0,0,0),(-681294812,30,1,0,'Attic','2016-02-27 18:58:08',190898,11095600,'2016-02-29 23:59:46',-67,'0.1',12.53,43,NULL,3.79,20,0,0,0,0,0,0,0);
/*!40000 ALTER TABLE `Node` ENABLE KEYS */;
UNLOCK TABLES;

--
-- Table structure for table `NodeInfoData`
--

DROP TABLE IF EXISTS `NodeInfoData`;
/*!40101 SET @saved_cs_client     = @@character_set_client */;
/*!40101 SET character_set_client = utf8 */;
CREATE TABLE `NodeInfoData` (
  `id` int(11) NOT NULL AUTO_INCREMENT,
  `nodeId` int(11) NOT NULL,
  `timestamp` datetime NOT NULL,
  `vIn` float DEFAULT NULL,
  `sendErrorCount` int(11) NOT NULL DEFAULT '0',
  PRIMARY KEY (`id`),
  KEY `FK_BatteryData_Node` (`nodeId`),
  CONSTRAINT `FK_BatteryData_Node` FOREIGN KEY (`nodeId`) REFERENCES `Node` (`nodeId`)
) ENGINE=InnoDB AUTO_INCREMENT=16915 DEFAULT CHARSET=latin1 COLLATE=latin1_general_ci;
/*!40101 SET character_set_client = @saved_cs_client */;

--
-- Dumping data for table `NodeInfoData`
--

LOCK TABLES `NodeInfoData` WRITE;
/*!40000 ALTER TABLE `NodeInfoData` DISABLE KEYS */;
INSERT INTO `NodeInfoData` VALUES (54,-681294812,'2015-10-18 22:11:42',3.91,0),(55,-681294812,'2015-10-18 22:23:04',3.91,0),(56,-681294812,'2015-10-18 22:34:25',3.91,1),(57,-681294812,'2015-10-18 22:45:47',3.91,2),(58,-681294812,'2015-10-18 22:57:09',3.91,4),(59,-681294812,'2015-10-18 22:57:09',3.91,4),(60,-681294812,'2015-10-18 22:57:09',3.91,4),(61,-681294812,'2015-10-18 22:57:09',3.91,4),(62,-681294812,'2015-10-18 23:08:30',3.92,5),(63,-681294812,'2015-10-18 23:19:51',3.88,5),(64,-681294812,'2015-10-18 23:31:12',3.91,5),(65,-681294812,'2015-10-18 23:42:33',3.91,5),(66,-681294812,'2015-10-18 23:53:54',3.91,5),(67,-681294812,'2015-10-19 00:05:14',3.91,5),(68,-681294812,'2015-10-19 00:16:35',3.91,5),(69,-681294812,'2015-10-19 00:27:56',3.91,5),(70,-681294812,'2015-10-19 00:39:17',3.91,5),(71,-681294812,'2015-10-19 00:50:38',3.88,5),(72,-681294812,'2015-10-19 01:01:58',3.91,5),(73,-681294812,'2015-10-19 01:13:19',3.91,5),(74,-681294812,'2015-10-19 01:24:39',3.91,5),(75,-681294812,'2015-10-19 01:36:00',3.91,5),(76,-681294812,'2015-10-19 01:47:21',3.91,5),(77,-681294812,'2015-10-19 01:58:41',3.91,5),(78,-681294812,'2015-10-19 02:10:02',3.91,5),(79,-681294812,'2015-10-19 02:21:23',3.88,5),(80,-681294812,'2015-10-19 02:32:43',3.91,5),(81,-681294812,'2015-10-19 02:44:04',3.91,5),(82,-681294812,'2015-10-19 02:55:24',3.91,5),(83,-681294812,'2015-10-19 03:06:45',3.91,5),(84,-681294812,'2015-10-19 03:18:05',4,5),(85,-681294812,'2015-10-19 03:29:26',3.91,5),(86,-681294812,'2015-10-19 03:40:46',3.91,5),(87,-681294812,'2015-10-19 03:52:07',3.88,5),(88,-681294812,'2015-10-19 04:03:27',3.91,5),(89,-681294812,'2015-10-19 04:14:48',3.91,5),(90,-681294812,'2015-10-19 04:26:08',3.91,5),(91,-681294812,'2015-10-19 04:37:29',3.91,5),(92,-681294812,'2015-10-19 04:48:49',3.91,5),(93,-681294812,'2015-10-19 05:00:10',3.91,5),(94,-681294812,'2015-10-19 05:11:30',3.91,5),(95,-681294812,'2015-10-19 05:22:51',3.88,5),(96,-681294812,'2015-10-19 05:34:11',3.91,5),(97,-681294812,'2015-10-19 05:45:31',3.91,5),(98,-681294812,'2015-10-19 05:56:52',3.91,5),(99,-681294812,'2015-10-19 06:08:12',3.91,5),(100,-681294812,'2015-10-19 06:19:33',3.91,5),(101,-681294812,'2015-10-19 06:30:53',3.91,5),(102,-681294812,'2015-10-19 06:42:14',3.91,5),(103,-681294812,'2015-10-19 06:53:34',3.88,5),(104,-681294812,'2015-10-19 07:04:55',3.91,5),(105,-681294812,'2015-10-19 07:16:15',3.91,5),(106,-681294812,'2015-10-19 07:27:36',3.91,5),(107,-681294812,'2015-10-19 07:38:56',3.91,5),(108,-681294812,'2015-10-19 07:50:16',3.91,5),(109,-681294812,'2015-10-19 08:01:37',3.91,5),(110,-681294812,'2015-10-19 08:12:57',3.91,5),(111,-681294812,'2015-10-19 08:24:18',3.87,5),(112,-681294812,'2015-10-19 08:35:38',3.91,5),(113,-681294812,'2015-10-19 08:46:49',3.91,6),(114,-681294812,'2015-10-19 08:58:06',3.91,7);
/*!40000 ALTER TABLE `NodeInfoData` ENABLE KEYS */;
UNLOCK TABLES;

--
-- Table structure for table `PulseData`
--

DROP TABLE IF EXISTS `PulseData`;
/*!40101 SET @saved_cs_client     = @@character_set_client */;
/*!40101 SET character_set_client = utf8 */;
CREATE TABLE `PulseData` (
  `id` int(11) NOT NULL AUTO_INCREMENT,
  `subNodeId` int(11) NOT NULL,
  `timestamp` datetime NOT NULL,
  `newPulses` tinyint(4) NOT NULL,
  `newValue` int(11) NOT NULL,
  PRIMARY KEY (`id`),
  KEY `FK_PulseData_SubNode` (`subNodeId`),
  CONSTRAINT `FK_PulseData_SubNode` FOREIGN KEY (`subNodeId`) REFERENCES `SubNode` (`subNodeId`)
) ENGINE=InnoDB AUTO_INCREMENT=93045 DEFAULT CHARSET=latin1 COLLATE=latin1_general_ci;
/*!40101 SET character_set_client = @saved_cs_client */;

--
-- Dumping data for table `PulseData`
--

LOCK TABLES `PulseData` WRITE;
/*!40000 ALTER TABLE `PulseData` DISABLE KEYS */;
INSERT INTO `PulseData` VALUES (1,6,'2015-10-19 09:03:59',1,1),(2,6,'2015-10-19 10:16:32',1,2),(3,6,'2015-10-19 11:51:14',1,3),(4,6,'2015-10-19 13:31:49',1,4),(5,6,'2015-10-19 14:44:40',1,5),(6,6,'2015-10-19 16:24:47',1,6),(7,6,'2015-10-19 18:10:18',1,7),(8,6,'2015-10-19 18:10:42',1,8),(9,6,'2015-10-19 18:11:02',1,9),(10,6,'2015-10-19 18:11:21',1,10),(11,6,'2015-10-19 18:11:41',1,11),(12,6,'2015-10-19 18:12:11',1,12),(13,6,'2015-10-19 18:12:22',1,13),(14,6,'2015-10-19 18:12:31',1,14),(15,6,'2015-10-19 18:12:40',1,15),(16,6,'2015-10-19 18:12:49',1,16),(17,6,'2015-10-19 18:12:57',1,17),(18,6,'2015-10-19 18:13:05',1,18),(19,6,'2015-10-19 18:13:12',1,19),(20,6,'2015-10-19 18:13:20',1,20),(21,6,'2015-10-19 18:13:29',1,21),(22,6,'2015-10-19 18:13:38',1,22),(23,6,'2015-10-19 18:13:47',1,23),(24,6,'2015-10-19 18:14:01',1,24),(25,6,'2015-10-19 18:14:16',1,25),(26,6,'2015-10-19 18:14:31',1,26),(27,6,'2015-10-19 18:14:46',1,27),(28,6,'2015-10-19 18:15:01',1,28),(29,6,'2015-10-19 18:15:17',1,29),(30,6,'2015-10-19 18:15:32',1,30),(31,6,'2015-10-19 18:15:49',1,31),(32,6,'2015-10-19 18:16:05',1,32),(33,6,'2015-10-19 18:16:21',1,33),(34,6,'2015-10-19 18:16:36',1,34),(35,6,'2015-10-19 18:16:52',1,35),(36,6,'2015-10-19 18:17:03',1,36),(37,6,'2015-10-19 18:17:16',1,37),(38,6,'2015-10-19 18:17:31',1,38),(39,6,'2015-10-19 18:17:45',1,39),(40,6,'2015-10-19 18:18:01',1,40),(41,6,'2015-10-19 18:18:16',1,41),(42,6,'2015-10-19 18:18:31',1,42),(43,6,'2015-10-19 18:18:46',1,43),(44,6,'2015-10-19 18:18:59',1,44),(45,6,'2015-10-19 18:19:13',1,45),(46,6,'2015-10-19 18:19:28',1,46),(47,6,'2015-10-19 18:19:43',1,47),(48,6,'2015-10-19 18:20:00',1,48),(49,6,'2015-10-19 18:20:15',1,49),(50,6,'2015-10-19 18:20:29',1,50),(51,6,'2015-10-19 18:20:45',1,51),(52,6,'2015-10-19 18:21:00',1,52),(53,6,'2015-10-19 18:21:16',1,53),(54,6,'2015-10-19 18:21:32',1,54),(55,6,'2015-10-19 18:21:47',1,55),(56,6,'2015-10-19 18:22:03',1,56),(57,6,'2015-10-19 18:22:29',1,57),(58,6,'2015-10-19 18:22:43',1,58),(59,6,'2015-10-19 18:22:58',1,59),(60,6,'2015-10-19 18:23:12',1,60),(61,6,'2015-10-19 18:23:28',1,61),(62,6,'2015-10-19 18:23:42',1,62),(63,6,'2015-10-19 18:23:55',1,63),(64,6,'2015-10-19 18:24:08',1,64),(65,6,'2015-10-19 18:24:23',1,65),(66,6,'2015-10-19 18:24:47',1,66),(67,6,'2015-10-19 18:35:10',1,67),(68,6,'2015-10-19 18:35:31',1,68),(69,6,'2015-10-19 19:25:11',1,69),(70,6,'2015-10-19 20:16:39',1,70),(71,6,'2015-10-19 20:17:44',1,71),(72,6,'2015-10-19 20:23:12',2,73),(73,5,'2015-10-19 20:37:16',2,2),(74,5,'2015-10-19 20:37:50',1,3),(75,5,'2015-10-19 20:38:31',1,4),(76,5,'2015-10-19 20:40:20',2,6),(77,5,'2015-10-19 20:41:40',2,8),(78,5,'2015-10-19 20:42:09',1,9),(79,5,'2015-10-19 20:52:26',2,11),(80,5,'2015-10-19 21:00:38',1,12),(81,5,'2015-10-19 21:04:01',1,13),(82,5,'2015-10-19 21:10:35',1,14),(83,5,'2015-10-19 21:13:37',1,15),(84,6,'2015-10-19 21:30:16',1,74),(85,5,'2015-10-19 21:30:39',1,16),(86,5,'2015-10-19 21:44:05',1,17),(87,5,'2015-10-19 21:53:13',1,18),(88,5,'2015-10-19 21:53:51',1,19),(89,5,'2015-10-19 21:54:24',1,20),(90,5,'2015-10-19 22:02:53',1,21),(91,5,'2015-10-19 22:03:32',1,22),(92,5,'2015-10-19 22:12:01',1,23),(93,5,'2015-10-19 22:12:28',1,24),(94,5,'2015-10-19 22:13:09',1,25),(95,5,'2015-10-19 22:23:22',1,26),(96,6,'2015-10-19 22:26:00',1,75),(97,5,'2015-10-19 22:33:02',1,27),(98,5,'2015-10-19 22:33:25',1,28);
/*!40000 ALTER TABLE `PulseData` ENABLE KEYS */;
UNLOCK TABLES;

--
-- Table structure for table `SubNode`
--

DROP TABLE IF EXISTS `SubNode`;
/*!40101 SET @saved_cs_client     = @@character_set_client */;
/*!40101 SET character_set_client = utf8 */;
CREATE TABLE `SubNode` (
  `subNodeId` int(10) NOT NULL AUTO_INCREMENT,
  `nodeId` int(11) NOT NULL,
  `number` tinyint(10) NOT NULL,
  `name` varchar(50) COLLATE latin1_general_ci DEFAULT NULL,
  `pulseCount` int(11) NOT NULL DEFAULT '0',
  PRIMARY KEY (`subNodeId`),
  KEY `FK_SubNode_Node` (`nodeId`),
  CONSTRAINT `FK_SubNode_Node` FOREIGN KEY (`nodeId`) REFERENCES `Node` (`nodeId`)
) ENGINE=InnoDB AUTO_INCREMENT=7 DEFAULT CHARSET=latin1 COLLATE=latin1_general_ci;
/*!40101 SET character_set_client = @saved_cs_client */;

--
-- Dumping data for table `SubNode`
--

LOCK TABLES `SubNode` WRITE;
/*!40000 ALTER TABLE `SubNode` DISABLE KEYS */;
INSERT INTO `SubNode` VALUES (5,-681294812,1,'AtticGaz',83839),(6,-681294812,3,'AtticHotWater',9229);
/*!40000 ALTER TABLE `SubNode` ENABLE KEYS */;
UNLOCK TABLES;

--
-- Table structure for table `VersionInfo`
--

DROP TABLE IF EXISTS `VersionInfo`;
/*!40101 SET @saved_cs_client     = @@character_set_client */;
/*!40101 SET character_set_client = utf8 */;
CREATE TABLE `VersionInfo` (
  `Version` bigint(20) NOT NULL,
  `AppliedOn` datetime DEFAULT NULL,
  `Description` varchar(1024) DEFAULT NULL,
  UNIQUE KEY `UC_Version` (`Version`)
) ENGINE=InnoDB DEFAULT CHARSET=utf8;
/*!40101 SET character_set_client = @saved_cs_client */;

--
-- Dumping data for table `VersionInfo`
--

LOCK TABLES `VersionInfo` WRITE;
/*!40000 ALTER TABLE `VersionInfo` DISABLE KEYS */;
INSERT INTO `VersionInfo` VALUES (201612021841,'2016-12-13 00:00:00','Initial');
/*!40000 ALTER TABLE `VersionInfo` ENABLE KEYS */;
UNLOCK TABLES;
/*!40103 SET TIME_ZONE=@OLD_TIME_ZONE */;

/*!40101 SET SQL_MODE=@OLD_SQL_MODE */;
/*!40014 SET FOREIGN_KEY_CHECKS=@OLD_FOREIGN_KEY_CHECKS */;
/*!40014 SET UNIQUE_CHECKS=@OLD_UNIQUE_CHECKS */;
/*!40101 SET CHARACTER_SET_CLIENT=@OLD_CHARACTER_SET_CLIENT */;
/*!40101 SET CHARACTER_SET_RESULTS=@OLD_CHARACTER_SET_RESULTS */;
/*!40101 SET COLLATION_CONNECTION=@OLD_COLLATION_CONNECTION */;
/*!40111 SET SQL_NOTES=@OLD_SQL_NOTES */;

-- Dump completed on 2016-12-13 10:32:52
